{
  "equil": {
    "W_MHD": 78.99, 
    "TRIANG": -0.01, 
    "Q_95": 3.15, 
    "R_ICEN": 0.918, 
    "BETA_TOR": 0.26, 
    "BETA_POL": 90.41, 
    "R_HFS": 0.7512, 
    "ELONGATION": 1.05, 
    "Z_ICEN": -0.0, 
    "VOLUME": 0.43, 
    "R_AXIS": 0.926, 
    "Q_A": 3.37, 
    "Q_0": 1.78, 
    "DFLUX": 3.683e-06, 
    "R_LFS": 1.06798, 
    "Z_AXIS": -0.0, 
    "I_P": 14270.0
  }, 
  "chi_rms": {
    "Total": 0.70404249014328635, 
    "Iplasma": 2.3612012550861241, 
    "Mirnovs": 0.68160379801942861
  }, 
  "chi_sq": {
    "Total": 30.236225503556724, 
    "Iplasma": 2.3612012550861241, 
    "Mirnovs": 27.875024248470602
  }
}